[
    {"browseName": "Simulator.Device1.FLOAT1", "frequency": 1000, "random": {"dataType": "Double", "min": 0, "max": 0.5, "precision": 4}},
    {"browseName": "Simulator.Device1.FLOAT2", "frequency": 1000, "counter": {"dataType": "Double", "start": 1.10, "min": 1.10, "max": 4.40, "increment": 0.3 }},
    {"browseName": "Simulator.Device1.FLOAT3", "frequency": 1000, "counter": {"dataType": "Integer", "start": 1, "min": 1, "max": 1000, "increment": 1 }},
    {"browseName": "Simulator.Device1.FLOAT4", "frequency": 1000, "counter": {"dataType": "Integer", "start": 1, "min": 1, "max": 1000, "increment": 10 }},
    {"browseName": "Simulator.Device1.FLOAT5", "frequency": 1000, "counter": {"dataType": "Integer", "start": 1, "min": 1, "max": 1000, "increment": 20 }},
    {"browseName": "Simulator.Device1.FLOAT6", "frequency": 1000, "counter": {"dataType": "Integer", "start": 1, "min": 1, "max": 1000, "increment": 30 }},
    {"browseName": "Simulator.Device1.FLOAT7", "frequency": 1000, "counter": {"dataType": "Integer", "start": 1, "min": 1, "max": 1000, "increment": 40 }}
]
